{
    "intrinsic": {
        "fx": 383.4238725629814,
        "fy": 382.93669553857484,
        "cx": 335.7061230866011,
        "cy": 203.52649620757404
    },
    "extrinsic": {
        "rvecs": [
            [
                [
                    -0.10970072423629536
                ],
                [
                    0.20002387967592863
                ],
                [
                    -0.07973255681740149
                ]
            ],
            [
                [
                    0.08995046415783411
                ],
                [
                    0.23297874840519178
                ],
                [
                    -0.030721900001047724
                ]
            ],
            [
                [
                    -0.09398178268201916
                ],
                [
                    0.05949290779908547
                ],
                [
                    -0.0029572405644543534
                ]
            ],
            [
                [
                    -0.16959438632994303
                ],
                [
                    0.036812528967944735
                ],
                [
                    -0.023115016120585436
                ]
            ],
            [
                [
                    -0.2794611806861028
                ],
                [
                    0.20413811581004176
                ],
                [
                    -0.017692535337520805
                ]
            ],
            [
                [
                    -0.17960019597373397
                ],
                [
                    -0.30460139356244387
                ],
                [
                    -0.039642076181432354
                ]
            ]
        ],
        "tvecs": [
            [
                [
                    0.1410531261382417
                ],
                [
                    -0.2682246787108176
                ],
                [
                    0.5117887581507949
                ]
            ],
            [
                [
                    0.046923655292967804
                ],
                [
                    -0.1587691177429735
                ],
                [
                    0.5255183774651254
                ]
            ],
            [
                [
                    0.020611085033604492
                ],
                [
                    -0.13604716990034474
                ],
                [
                    0.5207003011092384
                ]
            ],
            [
                [
                    -0.12355005654739322
                ],
                [
                    -0.08644055894023336
                ],
                [
                    0.6618307486846182
                ]
            ],
            [
                [
                    -0.14816504607301131
                ],
                [
                    -0.07890035657883784
                ],
                [
                    0.6722233245482121
                ]
            ],
            [
                [
                    -0.13544495952481295
                ],
                [
                    -0.09230698950998824
                ],
                [
                    0.6112974198607364
                ]
            ]
        ],
        "distortion_coff": [
            [
                -0.32087649766523757,
                0.14017743931265514,
                0.009624137729333232,
                -0.014708812754757232,
                -0.03640566761777765
            ]
        ]
    }
}