{
    "intrinsic": {
        "fx": 383.4238725629814,
        "fy": 382.93669553857484,
        "cx": 335.7061230866011,
        "cy": 203.52649620757404
    }
}